{
  "id": "JIqH1ps4eK8",
  "created_at": "2022-06-04T13:55:52-04:00",
  "updated_at": "2022-06-06T03:30:04-04:00",
  "promoted_at": "2022-06-05T10:00:01-04:00",
  "width": 4672,
  "height": 7008,
  "color": "#0c2626",
  "blur_hash": "LHBNH1RjaxxZ~qofogjE-pofWVR,",
  "description": null,
  "alt_description": null,
  "urls": {
    "raw": "https://images.unsplash.com/photo-1654363137357-9d897b5a20d7?ixid=MnwzMDE0MzF8MHwxfGFsbHx8fHx8fHx8fDE2NTQ1MjMzNjE&ixlib=rb-1.2.1",
    "full": "https://images.unsplash.com/photo-1654363137357-9d897b5a20d7?crop=entropy&cs=tinysrgb&fm=jpg&ixid=MnwzMDE0MzF8MHwxfGFsbHx8fHx8fHx8fDE2NTQ1MjMzNjE&ixlib=rb-1.2.1&q=80",
    "regular": "https://images.unsplash.com/photo-1654363137357-9d897b5a20d7?crop=entropy&cs=tinysrgb&fit=max&fm=jpg&ixid=MnwzMDE0MzF8MHwxfGFsbHx8fHx8fHx8fDE2NTQ1MjMzNjE&ixlib=rb-1.2.1&q=80&w=1080",
    "small": "https://images.unsplash.com/photo-1654363137357-9d897b5a20d7?crop=entropy&cs=tinysrgb&fit=max&fm=jpg&ixid=MnwzMDE0MzF8MHwxfGFsbHx8fHx8fHx8fDE2NTQ1MjMzNjE&ixlib=rb-1.2.1&q=80&w=400",
    "thumb": "https://images.unsplash.com/photo-1654363137357-9d897b5a20d7?crop=entropy&cs=tinysrgb&fit=max&fm=jpg&ixid=MnwzMDE0MzF8MHwxfGFsbHx8fHx8fHx8fDE2NTQ1MjMzNjE&ixlib=rb-1.2.1&q=80&w=200",
    "small_s3": "https://s3.us-west-2.amazonaws.com/images.unsplash.com/small/photo-1654363137357-9d897b5a20d7"
  },
  "links": {
    "self": "https://api.unsplash.com/photos/JIqH1ps4eK8",
    "html": "https://unsplash.com/photos/JIqH1ps4eK8",
    "download": "https://unsplash.com/photos/JIqH1ps4eK8/download?ixid=MnwzMDE0MzF8MHwxfGFsbHx8fHx8fHx8fDE2NTQ1MjMzNjE",
    "download_location": "https://api.unsplash.com/photos/JIqH1ps4eK8/download?ixid=MnwzMDE0MzF8MHwxfGFsbHx8fHx8fHx8fDE2NTQ1MjMzNjE"
  },
  "categories": [],
  "likes": 30,
  "liked_by_user": true,
  "current_user_collections": [],
  "sponsorship": null,
  "topic_submissions": {},
  "user": {
    "id": "a2Hpvq6iQs4",
    "updated_at": "2022-06-06T08:37:28-04:00",
    "username": "supergios",
    "name": "Jonny Gios",
    "first_name": "Jonny",
    "last_name": "Gios",
    "twitter_username": "Supergios",
    "portfolio_url": "http://www.jgios.com",
    "bio": "Always looking for the next adventure to capture the next shot. Seize the day. Sony A7 IV . There are more images behind my Unplash, for commercial projects please contact me.  John 3:16",
    "location": "Lake District",
    "links": {
      "self": "https://api.unsplash.com/users/supergios",
      "html": "https://unsplash.com/@supergios",
      "photos": "https://api.unsplash.com/users/supergios/photos",
      "likes": "https://api.unsplash.com/users/supergios/likes",
      "portfolio": "https://api.unsplash.com/users/supergios/portfolio",
      "following": "https://api.unsplash.com/users/supergios/following",
      "followers": "https://api.unsplash.com/users/supergios/followers"
    },
    "profile_image": {
      "small": "https://images.unsplash.com/profile-1600184424687-de96bd61fa67image?ixlib=rb-1.2.1&crop=faces&fit=crop&w=32&h=32",
      "medium": "https://images.unsplash.com/profile-1600184424687-de96bd61fa67image?ixlib=rb-1.2.1&crop=faces&fit=crop&w=64&h=64",
      "large": "https://images.unsplash.com/profile-1600184424687-de96bd61fa67image?ixlib=rb-1.2.1&crop=faces&fit=crop&w=128&h=128"
    },
    "instagram_username": "jonny.gios",
    "total_collections": 10,
    "total_likes": 83,
    "total_photos": 2941,
    "accepted_tos": true,
    "for_hire": true,
    "social": {
      "instagram_username": "jonny.gios",
      "portfolio_url": "http://www.jgios.com",
      "twitter_username": "Supergios",
      "paypal_email": null
    }
  },
  "exif": {
    "make": "SONY",
    "model": "ILCE-7M4",
    "name": "SONY, ILCE-7M4",
    "exposure_time": "1/640",
    "aperture": "9.0",
    "focal_length": "105.0",
    "iso": 800
  },
  "location": {
    "title": "Leicester Square, London, UK",
    "name": "Leicester Square, London, UK",
    "city": null,
    "country": "United Kingdom",
    "position": {
      "latitude": 51.510501,
      "longitude": -0.130102
    }
  },
  "meta": {
    "index": true
  },
  "public_domain": false,
  "tags": [
    {
      "type": "search",
      "title": "london"
    },
    {
      "type": "search",
      "title": "leicester square"
    },
    {
      "type": "search",
      "title": "uk"
    }
  ],
  "tags_preview": [
    {
      "type": "search",
      "title": "london"
    },
    {
      "type": "search",
      "title": "leicester square"
    },
    {
      "type": "search",
      "title": "uk"
    }
  ],
  "related_collections": {
    "total": 3,
    "type": "related",
    "results": [
      {
        "id": "291441",
        "title": "Vacation",
        "description": null,
        "published_at": "2016-08-08T12:42:26Z",
        "last_collected_at": "2021-01-22T10:01:24-05:00",
        "updated_at": "2021-01-22T10:17:47-05:00",
        "curated": false,
        "featured": true,
        "total_photos": 109,
        "private": false,
        "share_key": "92a9190dc637bea742c896129704c9b8",
        "tags": [
          {
            "type": "search",
            "title": "vacation"
          },
          {
            "type": "landing_page",
            "title": "summer",
            "source": {
              "ancestry": {
                "type": {
                  "slug": "images",
                  "pretty_slug": "Images"
                },
                "category": {
                  "slug": "nature",
                  "pretty_slug": "Nature"
                },
                "subcategory": {
                  "slug": "summer",
                  "pretty_slug": "Summer"
                }
              },
              "title": "Summer Images & Pictures",
              "subtitle": "Download free summer images",
              "description": "Choose from a curated selection of summer photos. Always free on Unsplash.",
              "meta_title": "Best Summer Pictures [HD] | Download Free Images on Unsplash",
              "meta_description": "Choose from hundreds of free summer pictures. Download HD summer photos for free on Unsplash.",
              "cover_photo": {
                "id": "_MdUz-1Ofsg",
                "created_at": "2018-11-27T03:23:20-05:00",
                "updated_at": "2022-02-23T17:05:20-05:00",
                "promoted_at": null,
                "width": 2916,
                "height": 3888,
                "color": "#a6d9f3",
                "blur_hash": "LSErU,L}k=tm_4cFXTnNyXtRibVs",
                "description": null,
                "alt_description": "coconut trees under blue sky during daytime",
                "urls": {
                  "raw": "https://images.unsplash.com/photo-1543306983-a562d8739781?ixlib=rb-1.2.1",
                  "full": "https://images.unsplash.com/photo-1543306983-a562d8739781?ixlib=rb-1.2.1&q=85&fm=jpg&crop=entropy&cs=srgb",
                  "regular": "https://images.unsplash.com/photo-1543306983-a562d8739781?ixlib=rb-1.2.1&q=80&fm=jpg&crop=entropy&cs=tinysrgb&w=1080&fit=max",
                  "small": "https://images.unsplash.com/photo-1543306983-a562d8739781?ixlib=rb-1.2.1&q=80&fm=jpg&crop=entropy&cs=tinysrgb&w=400&fit=max",
                  "thumb": "https://images.unsplash.com/photo-1543306983-a562d8739781?ixlib=rb-1.2.1&q=80&fm=jpg&crop=entropy&cs=tinysrgb&w=200&fit=max",
                  "small_s3": "https://s3.us-west-2.amazonaws.com/images.unsplash.com/small/photo-1543306983-a562d8739781"
                },
                "links": {
                  "self": "https://api.unsplash.com/photos/_MdUz-1Ofsg",
                  "html": "https://unsplash.com/photos/_MdUz-1Ofsg",
                  "download": "https://unsplash.com/photos/_MdUz-1Ofsg/download",
                  "download_location": "https://api.unsplash.com/photos/_MdUz-1Ofsg/download"
                },
                "categories": [],
                "likes": 844,
                "liked_by_user": false,
                "current_user_collections": [],
                "sponsorship": null,
                "topic_submissions": {},
                "user": {
                  "id": "TFjB30C_F-g",
                  "updated_at": "2022-02-21T04:43:56-05:00",
                  "username": "abuns",
                  "name": "Alex Bunday",
                  "first_name": "Alex",
                  "last_name": "Bunday",
                  "twitter_username": null,
                  "portfolio_url": null,
                  "bio": "into beautiful things in nature, big or small",
                  "location": "Canberra",
                  "links": {
                    "self": "https://api.unsplash.com/users/abuns",
                    "html": "https://unsplash.com/@abuns",
                    "photos": "https://api.unsplash.com/users/abuns/photos",
                    "likes": "https://api.unsplash.com/users/abuns/likes",
                    "portfolio": "https://api.unsplash.com/users/abuns/portfolio",
                    "following": "https://api.unsplash.com/users/abuns/following",
                    "followers": "https://api.unsplash.com/users/abuns/followers"
                  },
                  "profile_image": {
                    "small": "https://images.unsplash.com/profile-1577685510881-dca9bf37b3abimage?ixlib=rb-1.2.1&q=80&fm=jpg&crop=faces&cs=tinysrgb&fit=crop&h=32&w=32",
                    "medium": "https://images.unsplash.com/profile-1577685510881-dca9bf37b3abimage?ixlib=rb-1.2.1&q=80&fm=jpg&crop=faces&cs=tinysrgb&fit=crop&h=64&w=64",
                    "large": "https://images.unsplash.com/profile-1577685510881-dca9bf37b3abimage?ixlib=rb-1.2.1&q=80&fm=jpg&crop=faces&cs=tinysrgb&fit=crop&h=128&w=128"
                  },
                  "instagram_username": null,
                  "total_collections": 2,
                  "total_likes": 3,
                  "total_photos": 8,
                  "accepted_tos": true,
                  "for_hire": false,
                  "social": {
                    "instagram_username": null,
                    "portfolio_url": null,
                    "twitter_username": null,
                    "paypal_email": null
                  }
                }
              }
            }
          },
          {
            "type": "search",
            "title": "sea"
          },
          {
            "type": "landing_page",
            "title": "beach",
            "source": {
              "ancestry": {
                "type": {
                  "slug": "images",
                  "pretty_slug": "Images"
                },
                "category": {
                  "slug": "nature",
                  "pretty_slug": "Nature"
                },
                "subcategory": {
                  "slug": "beach",
                  "pretty_slug": "Beach"
                }
              },
              "title": "Beach Images & Pictures",
              "subtitle": "Download free beach images",
              "description": "Choose from a curated selection of beach photos. Always free on Unsplash.",
              "meta_title": "20+ Best Free Beach Pictures on Unsplash",
              "meta_description": "Choose from hundreds of free beach pictures. Download HD beach photos for free on Unsplash.",
              "cover_photo": {
                "id": "TWoL-QCZubY",
                "created_at": "2017-11-11T11:06:56-05:00",
                "updated_at": "2022-02-24T10:02:43-05:00",
                "promoted_at": "2017-11-12T07:22:52-05:00",
                "width": 5472,
                "height": 3648,
                "color": "#404040",
                "blur_hash": "LNDv_@H=MIcE_4sSI?n4~CX8M|oK",
                "description": null,
                "alt_description": "body of water near trees and mountain cliff during daytime",
                "urls": {
                  "raw": "https://images.unsplash.com/photo-1510414842594-a61c69b5ae57?ixlib=rb-1.2.1",
                  "full": "https://images.unsplash.com/photo-1510414842594-a61c69b5ae57?ixlib=rb-1.2.1&q=85&fm=jpg&crop=entropy&cs=srgb",
                  "regular": "https://images.unsplash.com/photo-1510414842594-a61c69b5ae57?ixlib=rb-1.2.1&q=80&fm=jpg&crop=entropy&cs=tinysrgb&w=1080&fit=max",
                  "small": "https://images.unsplash.com/photo-1510414842594-a61c69b5ae57?ixlib=rb-1.2.1&q=80&fm=jpg&crop=entropy&cs=tinysrgb&w=400&fit=max",
                  "thumb": "https://images.unsplash.com/photo-1510414842594-a61c69b5ae57?ixlib=rb-1.2.1&q=80&fm=jpg&crop=entropy&cs=tinysrgb&w=200&fit=max",
                  "small_s3": "https://s3.us-west-2.amazonaws.com/images.unsplash.com/small/photo-1510414842594-a61c69b5ae57"
                },
                "links": {
                  "self": "https://api.unsplash.com/photos/TWoL-QCZubY",
                  "html": "https://unsplash.com/photos/TWoL-QCZubY",
                  "download": "https://unsplash.com/photos/TWoL-QCZubY/download",
                  "download_location": "https://api.unsplash.com/photos/TWoL-QCZubY/download"
                },
                "categories": [],
                "likes": 1517,
                "liked_by_user": false,
                "current_user_collections": [],
                "sponsorship": null,
                "topic_submissions": {},
                "user": {
                  "id": "IDyCMTF9QYA",
                  "updated_at": "2022-02-25T05:23:56-05:00",
                  "username": "derekthomson",
                  "name": "Derek Thomson",
                  "first_name": "Derek",
                  "last_name": "Thomson",
                  "twitter_username": null,
                  "portfolio_url": "https://www.digitalpurpose.co",
                  "bio": null,
                  "location": "New England",
                  "links": {
                    "self": "https://api.unsplash.com/users/derekthomson",
                    "html": "https://unsplash.com/@derekthomson",
                    "photos": "https://api.unsplash.com/users/derekthomson/photos",
                    "likes": "https://api.unsplash.com/users/derekthomson/likes",
                    "portfolio": "https://api.unsplash.com/users/derekthomson/portfolio",
                    "following": "https://api.unsplash.com/users/derekthomson/following",
                    "followers": "https://api.unsplash.com/users/derekthomson/followers"
                  },
                  "profile_image": {
                    "small": "https://images.unsplash.com/profile-1496155556226-30f4a7908e78?ixlib=rb-1.2.1&q=80&fm=jpg&crop=faces&cs=tinysrgb&fit=crop&h=32&w=32",
                    "medium": "https://images.unsplash.com/profile-1496155556226-30f4a7908e78?ixlib=rb-1.2.1&q=80&fm=jpg&crop=faces&cs=tinysrgb&fit=crop&h=64&w=64",
                    "large": "https://images.unsplash.com/profile-1496155556226-30f4a7908e78?ixlib=rb-1.2.1&q=80&fm=jpg&crop=faces&cs=tinysrgb&fit=crop&h=128&w=128"
                  },
                  "instagram_username": "d_thomson",
                  "total_collections": 0,
                  "total_likes": 2,
                  "total_photos": 77,
                  "accepted_tos": true,
                  "for_hire": true,
                  "social": {
                    "instagram_username": "d_thomson",
                    "portfolio_url": "https://www.digitalpurpose.co",
                    "twitter_username": null,
                    "paypal_email": null
                  }
                }
              }
            }
          },
          {
            "type": "search",
            "title": "outdoor"
          },
          {
            "type": "search",
            "title": "coast"
          }
        ],
        "links": {
          "self": "https://api.unsplash.com/collections/291441",
          "html": "https://unsplash.com/collections/291441/vacation",
          "photos": "https://api.unsplash.com/collections/291441/photos",
          "related": "https://api.unsplash.com/collections/291441/related"
        },
        "user": {
          "id": "Ifu_z9WHvhg",
          "updated_at": "2022-06-01T14:40:28-04:00",
          "username": "unsplasharchive",
          "name": "Unsplash Archive",
          "first_name": "Unsplash",
          "last_name": "Archive",
          "twitter_username": "unsplash",
          "portfolio_url": "https://unsplash.com",
          "bio": "The official Unsplash collection archive.",
          "location": "Montreal, Canada",
          "links": {
            "self": "https://api.unsplash.com/users/unsplasharchive",
            "html": "https://unsplash.com/@unsplasharchive",
            "photos": "https://api.unsplash.com/users/unsplasharchive/photos",
            "likes": "https://api.unsplash.com/users/unsplasharchive/likes",
            "portfolio": "https://api.unsplash.com/users/unsplasharchive/portfolio",
            "following": "https://api.unsplash.com/users/unsplasharchive/following",
            "followers": "https://api.unsplash.com/users/unsplasharchive/followers"
          },
          "profile_image": {
            "small": "https://images.unsplash.com/profile-1544708109221-8babb4834855?ixlib=rb-1.2.1&crop=faces&fit=crop&w=32&h=32",
            "medium": "https://images.unsplash.com/profile-1544708109221-8babb4834855?ixlib=rb-1.2.1&crop=faces&fit=crop&w=64&h=64",
            "large": "https://images.unsplash.com/profile-1544708109221-8babb4834855?ixlib=rb-1.2.1&crop=faces&fit=crop&w=128&h=128"
          },
          "instagram_username": "unsplash",
          "total_collections": 132,
          "total_likes": 0,
          "total_photos": 0,
          "accepted_tos": false,
          "for_hire": false,
          "social": {
            "instagram_username": "unsplash",
            "portfolio_url": "https://unsplash.com",
            "twitter_username": "unsplash",
            "paypal_email": null
          }
        },
        "cover_photo": {
          "id": "uNppKIVSHm8",
          "created_at": "2017-05-23T13:08:30-04:00",
          "updated_at": "2022-06-04T17:01:18-04:00",
          "promoted_at": "2017-05-24T09:00:41-04:00",
          "width": 5691,
          "height": 3794,
          "color": "#f3f3f3",
          "blur_hash": "LLJ%?,O]OG-;DN4-D%9G.8%Mogog",
          "description": "Honeymoon 5",
          "alt_description": "woman in blue bikini lying on black hammock",
          "urls": {
            "raw": "https://images.unsplash.com/photo-1495559277740-ec9a706843d7?ixlib=rb-1.2.1",
            "full": "https://images.unsplash.com/photo-1495559277740-ec9a706843d7?ixlib=rb-1.2.1&q=80&cs=tinysrgb&fm=jpg&crop=entropy",
            "regular": "https://images.unsplash.com/photo-1495559277740-ec9a706843d7?ixlib=rb-1.2.1&w=1080&fit=max&q=80&fm=jpg&crop=entropy&cs=tinysrgb",
            "small": "https://images.unsplash.com/photo-1495559277740-ec9a706843d7?ixlib=rb-1.2.1&w=400&fit=max&q=80&fm=jpg&crop=entropy&cs=tinysrgb",
            "thumb": "https://images.unsplash.com/photo-1495559277740-ec9a706843d7?ixlib=rb-1.2.1&w=200&fit=max&q=80&fm=jpg&crop=entropy&cs=tinysrgb",
            "small_s3": "https://s3.us-west-2.amazonaws.com/images.unsplash.com/small/photo-1495559277740-ec9a706843d7"
          },
          "links": {
            "self": "https://api.unsplash.com/photos/uNppKIVSHm8",
            "html": "https://unsplash.com/photos/uNppKIVSHm8",
            "download": "https://unsplash.com/photos/uNppKIVSHm8/download",
            "download_location": "https://api.unsplash.com/photos/uNppKIVSHm8/download"
          },
          "categories": [],
          "likes": 206,
          "liked_by_user": false,
          "current_user_collections": [],
          "sponsorship": null,
          "topic_submissions": {},
          "user": {
            "id": "hDzLzYXW43s",
            "updated_at": "2022-06-04T10:27:39-04:00",
            "username": "jordanbauer",
            "name": "Jordan Bauer",
            "first_name": "Jordan",
            "last_name": "Bauer",
            "twitter_username": "Jordanbauer_",
            "portfolio_url": "http://bauerjordan.com",
            "bio": "I'm a big fan of tacos. ",
            "location": "St. Louis, MO",
            "links": {
              "self": "https://api.unsplash.com/users/jordanbauer",
              "html": "https://unsplash.com/@jordanbauer",
              "photos": "https://api.unsplash.com/users/jordanbauer/photos",
              "likes": "https://api.unsplash.com/users/jordanbauer/likes",
              "portfolio": "https://api.unsplash.com/users/jordanbauer/portfolio",
              "following": "https://api.unsplash.com/users/jordanbauer/following",
              "followers": "https://api.unsplash.com/users/jordanbauer/followers"
            },
            "profile_image": {
              "small": "https://images.unsplash.com/profile-fb-1474646929-03ff1391e3b9.jpg?ixlib=rb-1.2.1&crop=faces&fit=crop&w=32&h=32",
              "medium": "https://images.unsplash.com/profile-fb-1474646929-03ff1391e3b9.jpg?ixlib=rb-1.2.1&crop=faces&fit=crop&w=64&h=64",
              "large": "https://images.unsplash.com/profile-fb-1474646929-03ff1391e3b9.jpg?ixlib=rb-1.2.1&crop=faces&fit=crop&w=128&h=128"
            },
            "instagram_username": "jordanbauer_",
            "total_collections": 0,
            "total_likes": 41,
            "total_photos": 94,
            "accepted_tos": false,
            "for_hire": false,
            "social": {
              "instagram_username": "jordanbauer_",
              "portfolio_url": "http://bauerjordan.com",
              "twitter_username": "Jordanbauer_",
              "paypal_email": null
            }
          }
        },
        "preview_photos": [
          {
            "id": "uNppKIVSHm8",
            "created_at": "2017-05-23T13:08:30-04:00",
            "updated_at": "2022-06-04T17:01:18-04:00",
            "blur_hash": "LLJ%?,O]OG-;DN4-D%9G.8%Mogog",
            "urls": {
              "raw": "https://images.unsplash.com/photo-1495559277740-ec9a706843d7?ixlib=rb-1.2.1",
              "full": "https://images.unsplash.com/photo-1495559277740-ec9a706843d7?ixlib=rb-1.2.1&q=80&cs=tinysrgb&fm=jpg&crop=entropy",
              "regular": "https://images.unsplash.com/photo-1495559277740-ec9a706843d7?ixlib=rb-1.2.1&w=1080&fit=max&q=80&fm=jpg&crop=entropy&cs=tinysrgb",
              "small": "https://images.unsplash.com/photo-1495559277740-ec9a706843d7?ixlib=rb-1.2.1&w=400&fit=max&q=80&fm=jpg&crop=entropy&cs=tinysrgb",
              "thumb": "https://images.unsplash.com/photo-1495559277740-ec9a706843d7?ixlib=rb-1.2.1&w=200&fit=max&q=80&fm=jpg&crop=entropy&cs=tinysrgb",
              "small_s3": "https://s3.us-west-2.amazonaws.com/images.unsplash.com/small/photo-1495559277740-ec9a706843d7"
            }
          },
          {
            "id": "sgohWar0cfg",
            "created_at": "2017-08-26T12:53:05-04:00",
            "updated_at": "2022-06-04T11:01:47-04:00",
            "blur_hash": "LXHL9-L}TzVX-=nit7ofyDrqxuoL",
            "urls": {
              "raw": "https://images.unsplash.com/photo-1503766233350-c09632f4c1f6?ixlib=rb-1.2.1",
              "full": "https://images.unsplash.com/photo-1503766233350-c09632f4c1f6?ixlib=rb-1.2.1&q=80&cs=tinysrgb&fm=jpg&crop=entropy",
              "regular": "https://images.unsplash.com/photo-1503766233350-c09632f4c1f6?ixlib=rb-1.2.1&w=1080&fit=max&q=80&fm=jpg&crop=entropy&cs=tinysrgb",
              "small": "https://images.unsplash.com/photo-1503766233350-c09632f4c1f6?ixlib=rb-1.2.1&w=400&fit=max&q=80&fm=jpg&crop=entropy&cs=tinysrgb",
              "thumb": "https://images.unsplash.com/photo-1503766233350-c09632f4c1f6?ixlib=rb-1.2.1&w=200&fit=max&q=80&fm=jpg&crop=entropy&cs=tinysrgb",
              "small_s3": "https://s3.us-west-2.amazonaws.com/images.unsplash.com/small/photo-1503766233350-c09632f4c1f6"
            }
          },
          {
            "id": "mQj1JmAk_54",
            "created_at": "2017-08-19T16:48:36-04:00",
            "updated_at": "2022-06-04T13:01:37-04:00",
            "blur_hash": "LPG]28.8VYR5~B%2RPi^~Wogo#X9",
            "urls": {
              "raw": "https://images.unsplash.com/photo-1503174768371-25049f8bf3f7?ixlib=rb-1.2.1",
              "full": "https://images.unsplash.com/photo-1503174768371-25049f8bf3f7?ixlib=rb-1.2.1&q=80&cs=tinysrgb&fm=jpg&crop=entropy",
              "regular": "https://images.unsplash.com/photo-1503174768371-25049f8bf3f7?ixlib=rb-1.2.1&w=1080&fit=max&q=80&fm=jpg&crop=entropy&cs=tinysrgb",
              "small": "https://images.unsplash.com/photo-1503174768371-25049f8bf3f7?ixlib=rb-1.2.1&w=400&fit=max&q=80&fm=jpg&crop=entropy&cs=tinysrgb",
              "thumb": "https://images.unsplash.com/photo-1503174768371-25049f8bf3f7?ixlib=rb-1.2.1&w=200&fit=max&q=80&fm=jpg&crop=entropy&cs=tinysrgb",
              "small_s3": "https://s3.us-west-2.amazonaws.com/images.unsplash.com/small/photo-1503174768371-25049f8bf3f7"
            }
          },
          {
            "id": "HRMCLERbBJQ",
            "created_at": "2017-07-02T04:07:28-04:00",
            "updated_at": "2022-06-04T16:01:32-04:00",
            "blur_hash": "LL7-+;adDgRjx_aeRObID%WB%Mxu",
            "urls": {
              "raw": "https://images.unsplash.com/photo-1498982771025-0af0bf16a927?ixlib=rb-1.2.1",
              "full": "https://images.unsplash.com/photo-1498982771025-0af0bf16a927?ixlib=rb-1.2.1&q=80&cs=tinysrgb&fm=jpg&crop=entropy",
              "regular": "https://images.unsplash.com/photo-1498982771025-0af0bf16a927?ixlib=rb-1.2.1&w=1080&fit=max&q=80&fm=jpg&crop=entropy&cs=tinysrgb",
              "small": "https://images.unsplash.com/photo-1498982771025-0af0bf16a927?ixlib=rb-1.2.1&w=400&fit=max&q=80&fm=jpg&crop=entropy&cs=tinysrgb",
              "thumb": "https://images.unsplash.com/photo-1498982771025-0af0bf16a927?ixlib=rb-1.2.1&w=200&fit=max&q=80&fm=jpg&crop=entropy&cs=tinysrgb",
              "small_s3": "https://s3.us-west-2.amazonaws.com/images.unsplash.com/small/photo-1498982771025-0af0bf16a927"
            }
          }
        ]
      },
      {
        "id": "49",
        "title": "Collection #49: Paul Jarvis",
        "description": "A collection of photos curated by Paul Jarvis, designer, writer, teacher, software creator and podcaster.",
        "published_at": "2014-10-07T13:01:20Z",
        "last_collected_at": "2018-09-21T15:13:40-04:00",
        "updated_at": "2020-07-31T17:13:44-04:00",
        "curated": false,
        "featured": true,
        "total_photos": 10,
        "private": false,
        "share_key": "d1faeb3de9c55d28057a868a57a9d7da",
        "tags": [
          {
            "type": "search",
            "title": "outdoor"
          },
          {
            "type": "landing_page",
            "title": "cloud",
            "source": {
              "ancestry": {
                "type": {
                  "slug": "images",
                  "pretty_slug": "Images"
                },
                "category": {
                  "slug": "nature",
                  "pretty_slug": "Nature"
                },
                "subcategory": {
                  "slug": "cloud",
                  "pretty_slug": "Cloud"
                }
              },
              "title": "Cloud Pictures & Images",
              "subtitle": "Download free cloud images",
              "description": "Choose from a curated selection of cloud photos. Always free on Unsplash.",
              "meta_title": "Best 100+ Cloud Pictures [HQ] | Download Free Images on Unsplash",
              "meta_description": "Choose from hundreds of free cloud pictures. Download HD cloud photos for free on Unsplash.",
              "cover_photo": {
                "id": "K-Iog-Bqf8E",
                "created_at": "2019-09-25T12:15:57-04:00",
                "updated_at": "2022-02-24T20:10:17-05:00",
                "promoted_at": null,
                "width": 5712,
                "height": 3772,
                "color": "#0c4059",
                "blur_hash": "LNB4OHkC4nofn$j[WBWB01ay?HWB",
                "description": null,
                "alt_description": "white clouds",
                "urls": {
                  "raw": "https://images.unsplash.com/photo-1569428034239-f9565e32e224?ixlib=rb-1.2.1",
                  "full": "https://images.unsplash.com/photo-1569428034239-f9565e32e224?ixlib=rb-1.2.1&q=85&fm=jpg&crop=entropy&cs=srgb",
                  "regular": "https://images.unsplash.com/photo-1569428034239-f9565e32e224?ixlib=rb-1.2.1&q=80&fm=jpg&crop=entropy&cs=tinysrgb&w=1080&fit=max",
                  "small": "https://images.unsplash.com/photo-1569428034239-f9565e32e224?ixlib=rb-1.2.1&q=80&fm=jpg&crop=entropy&cs=tinysrgb&w=400&fit=max",
                  "thumb": "https://images.unsplash.com/photo-1569428034239-f9565e32e224?ixlib=rb-1.2.1&q=80&fm=jpg&crop=entropy&cs=tinysrgb&w=200&fit=max",
                  "small_s3": "https://s3.us-west-2.amazonaws.com/images.unsplash.com/small/photo-1569428034239-f9565e32e224"
                },
                "links": {
                  "self": "https://api.unsplash.com/photos/K-Iog-Bqf8E",
                  "html": "https://unsplash.com/photos/K-Iog-Bqf8E",
                  "download": "https://unsplash.com/photos/K-Iog-Bqf8E/download",
                  "download_location": "https://api.unsplash.com/photos/K-Iog-Bqf8E/download"
                },
                "categories": [],
                "likes": 745,
                "liked_by_user": false,
                "current_user_collections": [],
                "sponsorship": null,
                "topic_submissions": {},
                "user": {
                  "id": "AQv1wZLJzDo",
                  "updated_at": "2022-02-24T21:43:34-05:00",
                  "username": "dianamia",
                  "name": "C Dustin",
                  "first_name": "C",
                  "last_name": "Dustin",
                  "twitter_username": null,
                  "portfolio_url": "http://DianaMIA",
                  "bio": null,
                  "location": null,
                  "links": {
                    "self": "https://api.unsplash.com/users/dianamia",
                    "html": "https://unsplash.com/@dianamia",
                    "photos": "https://api.unsplash.com/users/dianamia/photos",
                    "likes": "https://api.unsplash.com/users/dianamia/likes",
                    "portfolio": "https://api.unsplash.com/users/dianamia/portfolio",
                    "following": "https://api.unsplash.com/users/dianamia/following",
                    "followers": "https://api.unsplash.com/users/dianamia/followers"
                  },
                  "profile_image": {
                    "small": "https://images.unsplash.com/placeholder-avatars/extra-large.jpg?ixlib=rb-1.2.1&q=80&fm=jpg&crop=faces&cs=tinysrgb&fit=crop&h=32&w=32",
                    "medium": "https://images.unsplash.com/placeholder-avatars/extra-large.jpg?ixlib=rb-1.2.1&q=80&fm=jpg&crop=faces&cs=tinysrgb&fit=crop&h=64&w=64",
                    "large": "https://images.unsplash.com/placeholder-avatars/extra-large.jpg?ixlib=rb-1.2.1&q=80&fm=jpg&crop=faces&cs=tinysrgb&fit=crop&h=128&w=128"
                  },
                  "instagram_username": "chanjunlin7",
                  "total_collections": 0,
                  "total_likes": 55,
                  "total_photos": 37,
                  "accepted_tos": true,
                  "for_hire": false,
                  "social": {
                    "instagram_username": "chanjunlin7",
                    "portfolio_url": "http://DianaMIA",
                    "twitter_username": null,
                    "paypal_email": null
                  }
                }
              }
            }
          },
          {
            "type": "search",
            "title": "rock"
          },
          {
            "type": "search",
            "title": "cliff"
          },
          {
            "type": "landing_page",
            "title": "grey",
            "source": {
              "ancestry": {
                "type": {
                  "slug": "wallpapers",
                  "pretty_slug": "HD Wallpapers"
                },
                "category": {
                  "slug": "colors",
                  "pretty_slug": "Color"
                },
                "subcategory": {
                  "slug": "grey",
                  "pretty_slug": "Grey"
                }
              },
              "title": "HD Grey Wallpapers",
              "subtitle": "Download Free Grey Wallpapers",
              "description": "Choose from a curated selection of grey wallpapers for your mobile and desktop screens. Always free on Unsplash.",
              "meta_title": "Grey Wallpapers: Free HD Download [500+ HQ] | Unsplash",
              "meta_description": "Choose from hundreds of free grey wallpapers. Download HD wallpapers for free on Unsplash.",
              "cover_photo": {
                "id": "ctXf1GVyf9A",
                "created_at": "2018-09-10T04:05:55-04:00",
                "updated_at": "2022-02-24T13:04:48-05:00",
                "promoted_at": null,
                "width": 5304,
                "height": 7952,
                "color": "#a6a6a6",
                "blur_hash": "L3IYFNIU00~q-;M{R*t80KtRIUM{",
                "description": "Old stone background texture",
                "alt_description": null,
                "urls": {
                  "raw": "https://images.unsplash.com/photo-1536566482680-fca31930a0bd?ixlib=rb-1.2.1",
                  "full": "https://images.unsplash.com/photo-1536566482680-fca31930a0bd?ixlib=rb-1.2.1&q=85&fm=jpg&crop=entropy&cs=srgb",
                  "regular": "https://images.unsplash.com/photo-1536566482680-fca31930a0bd?ixlib=rb-1.2.1&q=80&fm=jpg&crop=entropy&cs=tinysrgb&w=1080&fit=max",
                  "small": "https://images.unsplash.com/photo-1536566482680-fca31930a0bd?ixlib=rb-1.2.1&q=80&fm=jpg&crop=entropy&cs=tinysrgb&w=400&fit=max",
                  "thumb": "https://images.unsplash.com/photo-1536566482680-fca31930a0bd?ixlib=rb-1.2.1&q=80&fm=jpg&crop=entropy&cs=tinysrgb&w=200&fit=max",
                  "small_s3": "https://s3.us-west-2.amazonaws.com/images.unsplash.com/small/photo-1536566482680-fca31930a0bd"
                },
                "links": {
                  "self": "https://api.unsplash.com/photos/ctXf1GVyf9A",
                  "html": "https://unsplash.com/photos/ctXf1GVyf9A",
                  "download": "https://unsplash.com/photos/ctXf1GVyf9A/download",
                  "download_location": "https://api.unsplash.com/photos/ctXf1GVyf9A/download"
                },
                "categories": [],
                "likes": 1362,
                "liked_by_user": false,
                "current_user_collections": [],
                "sponsorship": null,
                "topic_submissions": {
                  "textures-patterns": {
                    "status": "approved",
                    "approved_on": "2020-04-06T10:20:11-04:00"
                  }
                },
                "user": {
                  "id": "IFcEhJqem0Q",
                  "updated_at": "2022-02-25T02:18:17-05:00",
                  "username": "anniespratt",
                  "name": "Annie Spratt",
                  "first_name": "Annie",
                  "last_name": "Spratt",
                  "twitter_username": "anniespratt",
                  "portfolio_url": "https://www.anniespratt.com",
                  "bio": "Hobbyist photographer from England, sharing my digital, film + vintage slide scans.  \r\nFor more free photos, videos or to buy prints head to 👉🏻 anniespratt.com",
                  "location": "New Forest National Park, UK",
                  "links": {
                    "self": "https://api.unsplash.com/users/anniespratt",
                    "html": "https://unsplash.com/@anniespratt",
                    "photos": "https://api.unsplash.com/users/anniespratt/photos",
                    "likes": "https://api.unsplash.com/users/anniespratt/likes",
                    "portfolio": "https://api.unsplash.com/users/anniespratt/portfolio",
                    "following": "https://api.unsplash.com/users/anniespratt/following",
                    "followers": "https://api.unsplash.com/users/anniespratt/followers"
                  },
                  "profile_image": {
                    "small": "https://images.unsplash.com/profile-1628142977790-d9f66dcbc498image?ixlib=rb-1.2.1&q=80&fm=jpg&crop=faces&cs=tinysrgb&fit=crop&h=32&w=32",
                    "medium": "https://images.unsplash.com/profile-1628142977790-d9f66dcbc498image?ixlib=rb-1.2.1&q=80&fm=jpg&crop=faces&cs=tinysrgb&fit=crop&h=64&w=64",
                    "large": "https://images.unsplash.com/profile-1628142977790-d9f66dcbc498image?ixlib=rb-1.2.1&q=80&fm=jpg&crop=faces&cs=tinysrgb&fit=crop&h=128&w=128"
                  },
                  "instagram_username": "anniespratt",
                  "total_collections": 142,
                  "total_likes": 14276,
                  "total_photos": 15087,
                  "accepted_tos": true,
                  "for_hire": true,
                  "social": {
                    "instagram_username": "anniespratt",
                    "portfolio_url": "https://www.anniespratt.com",
                    "twitter_username": "anniespratt",
                    "paypal_email": null
                  }
                }
              }
            }
          },
          {
            "type": "search",
            "title": "sea"
          }
        ],
        "links": {
          "self": "https://api.unsplash.com/collections/49",
          "html": "https://unsplash.com/collections/49/collection-49-paul-jarvis",
          "photos": "https://api.unsplash.com/collections/49/photos",
          "related": "https://api.unsplash.com/collections/49/related"
        },
        "user": {
          "id": "6KypLntdbO4",
          "updated_at": "2022-06-04T10:12:37-04:00",
          "username": "pjrvs",
          "name": "p j",
          "first_name": "p",
          "last_name": "j",
          "twitter_username": "pjrvs",
          "portfolio_url": "https://usefathom.com",
          "bio": "Designer and author.",
          "location": "Canada",
          "links": {
            "self": "https://api.unsplash.com/users/pjrvs",
            "html": "https://unsplash.com/@pjrvs",
            "photos": "https://api.unsplash.com/users/pjrvs/photos",
            "likes": "https://api.unsplash.com/users/pjrvs/likes",
            "portfolio": "https://api.unsplash.com/users/pjrvs/portfolio",
            "following": "https://api.unsplash.com/users/pjrvs/following",
            "followers": "https://api.unsplash.com/users/pjrvs/followers"
          },
          "profile_image": {
            "small": "https://images.unsplash.com/profile-1441401714383-b84e68962d3d?ixlib=rb-1.2.1&crop=faces&fit=crop&w=32&h=32",
            "medium": "https://images.unsplash.com/profile-1441401714383-b84e68962d3d?ixlib=rb-1.2.1&crop=faces&fit=crop&w=64&h=64",
            "large": "https://images.unsplash.com/profile-1441401714383-b84e68962d3d?ixlib=rb-1.2.1&crop=faces&fit=crop&w=128&h=128"
          },
          "instagram_username": null,
          "total_collections": 2,
          "total_likes": 9,
          "total_photos": 21,
          "accepted_tos": true,
          "for_hire": false,
          "social": {
            "instagram_username": null,
            "portfolio_url": "https://usefathom.com",
            "twitter_username": "pjrvs",
            "paypal_email": null
          }
        },
        "cover_photo": {
          "id": "QP1dUyQ8WsI",
          "created_at": "2014-06-25T02:12:38-04:00",
          "updated_at": "2022-06-05T10:00:04-04:00",
          "promoted_at": "2014-06-25T02:12:38-04:00",
          "width": 5184,
          "height": 3456,
          "color": "#262626",
          "blur_hash": "LFAmh*?b4:9F~q?aM{IU%f%Mxuof",
          "description": "Afternoon pine forest",
          "alt_description": "tall trees lot",
          "urls": {
            "raw": "https://images.unsplash.com/reserve/J3URHssSQyqifuJVcgKu_Wald.jpg?ixlib=rb-1.2.1",
            "full": "https://images.unsplash.com/reserve/J3URHssSQyqifuJVcgKu_Wald.jpg?ixlib=rb-1.2.1&q=80&cs=tinysrgb&fm=jpg&crop=entropy",
            "regular": "https://images.unsplash.com/reserve/J3URHssSQyqifuJVcgKu_Wald.jpg?ixlib=rb-1.2.1&w=1080&fit=max&q=80&fm=jpg&crop=entropy&cs=tinysrgb",
            "small": "https://images.unsplash.com/reserve/J3URHssSQyqifuJVcgKu_Wald.jpg?ixlib=rb-1.2.1&w=400&fit=max&q=80&fm=jpg&crop=entropy&cs=tinysrgb",
            "thumb": "https://images.unsplash.com/reserve/J3URHssSQyqifuJVcgKu_Wald.jpg?ixlib=rb-1.2.1&w=200&fit=max&q=80&fm=jpg&crop=entropy&cs=tinysrgb",
            "small_s3": "https://s3.us-west-2.amazonaws.com/images.unsplash.com/small/reserve/J3URHssSQyqifuJVcgKu_Wald.jpg"
          },
          "links": {
            "self": "https://api.unsplash.com/photos/QP1dUyQ8WsI",
            "html": "https://unsplash.com/photos/QP1dUyQ8WsI",
            "download": "https://unsplash.com/photos/QP1dUyQ8WsI/download",
            "download_location": "https://api.unsplash.com/photos/QP1dUyQ8WsI/download"
          },
          "categories": [],
          "likes": 1762,
          "liked_by_user": false,
          "current_user_collections": [],
          "sponsorship": null,
          "topic_submissions": {},
          "user": {
            "id": "O8nKOB1IUQM",
            "updated_at": "2022-06-03T18:22:10-04:00",
            "username": "mrmarcojorger",
            "name": "Mr. Marco",
            "first_name": "Mr.",
            "last_name": "Marco",
            "twitter_username": null,
            "portfolio_url": "http://marcojoerger.tumblr.com",
            "bio": null,
            "location": null,
            "links": {
              "self": "https://api.unsplash.com/users/mrmarcojorger",
              "html": "https://unsplash.com/@mrmarcojorger",
              "photos": "https://api.unsplash.com/users/mrmarcojorger/photos",
              "likes": "https://api.unsplash.com/users/mrmarcojorger/likes",
              "portfolio": "https://api.unsplash.com/users/mrmarcojorger/portfolio",
              "following": "https://api.unsplash.com/users/mrmarcojorger/following",
              "followers": "https://api.unsplash.com/users/mrmarcojorger/followers"
            },
            "profile_image": {
              "small": "https://images.unsplash.com/placeholder-avatars/extra-large.jpg?ixlib=rb-1.2.1&crop=faces&fit=crop&w=32&h=32",
              "medium": "https://images.unsplash.com/placeholder-avatars/extra-large.jpg?ixlib=rb-1.2.1&crop=faces&fit=crop&w=64&h=64",
              "large": "https://images.unsplash.com/placeholder-avatars/extra-large.jpg?ixlib=rb-1.2.1&crop=faces&fit=crop&w=128&h=128"
            },
            "instagram_username": null,
            "total_collections": 0,
            "total_likes": 0,
            "total_photos": 1,
            "accepted_tos": false,
            "for_hire": false,
            "social": {
              "instagram_username": null,
              "portfolio_url": "http://marcojoerger.tumblr.com",
              "twitter_username": null,
              "paypal_email": null
            }
          }
        },
        "preview_photos": [
          {
            "id": "QP1dUyQ8WsI",
            "created_at": "2014-06-25T02:12:38-04:00",
            "updated_at": "2022-06-05T10:00:04-04:00",
            "blur_hash": "LFAmh*?b4:9F~q?aM{IU%f%Mxuof",
            "urls": {
              "raw": "https://images.unsplash.com/reserve/J3URHssSQyqifuJVcgKu_Wald.jpg?ixlib=rb-1.2.1",
              "full": "https://images.unsplash.com/reserve/J3URHssSQyqifuJVcgKu_Wald.jpg?ixlib=rb-1.2.1&q=80&cs=tinysrgb&fm=jpg&crop=entropy",
              "regular": "https://images.unsplash.com/reserve/J3URHssSQyqifuJVcgKu_Wald.jpg?ixlib=rb-1.2.1&w=1080&fit=max&q=80&fm=jpg&crop=entropy&cs=tinysrgb",
              "small": "https://images.unsplash.com/reserve/J3URHssSQyqifuJVcgKu_Wald.jpg?ixlib=rb-1.2.1&w=400&fit=max&q=80&fm=jpg&crop=entropy&cs=tinysrgb",
              "thumb": "https://images.unsplash.com/reserve/J3URHssSQyqifuJVcgKu_Wald.jpg?ixlib=rb-1.2.1&w=200&fit=max&q=80&fm=jpg&crop=entropy&cs=tinysrgb",
              "small_s3": "https://s3.us-west-2.amazonaws.com/images.unsplash.com/small/reserve/J3URHssSQyqifuJVcgKu_Wald.jpg"
            }
          },
          {
            "id": "Xo3uIN_Q1Y0",
            "created_at": "2014-08-24T12:05:06-04:00",
            "updated_at": "2022-06-05T08:00:03-04:00",
            "blur_hash": "LJ9kjZ%gxZWBNhR-WCj[4TRkWYof",
            "urls": {
              "raw": "https://images.unsplash.com/reserve/z7R1rjT6RhmZdqWbM5hg_R0001139.jpg?ixlib=rb-1.2.1",
              "full": "https://images.unsplash.com/reserve/z7R1rjT6RhmZdqWbM5hg_R0001139.jpg?ixlib=rb-1.2.1&q=80&cs=tinysrgb&fm=jpg&crop=entropy",
              "regular": "https://images.unsplash.com/reserve/z7R1rjT6RhmZdqWbM5hg_R0001139.jpg?ixlib=rb-1.2.1&w=1080&fit=max&q=80&fm=jpg&crop=entropy&cs=tinysrgb",
              "small": "https://images.unsplash.com/reserve/z7R1rjT6RhmZdqWbM5hg_R0001139.jpg?ixlib=rb-1.2.1&w=400&fit=max&q=80&fm=jpg&crop=entropy&cs=tinysrgb",
              "thumb": "https://images.unsplash.com/reserve/z7R1rjT6RhmZdqWbM5hg_R0001139.jpg?ixlib=rb-1.2.1&w=200&fit=max&q=80&fm=jpg&crop=entropy&cs=tinysrgb",
              "small_s3": "https://s3.us-west-2.amazonaws.com/images.unsplash.com/small/reserve/z7R1rjT6RhmZdqWbM5hg_R0001139.jpg"
            }
          },
          {
            "id": "0Kw44ElHN3A",
            "created_at": "2014-08-25T04:21:58-04:00",
            "updated_at": "2022-06-04T11:00:03-04:00",
            "blur_hash": "L4695Y%rH[o|9pW-D8ay#@tQs;oM",
            "urls": {
              "raw": "https://images.unsplash.com/reserve/OQx70jjBSLOMI5ackhxm_urbex-ppc-030.jpg?ixlib=rb-1.2.1",
              "full": "https://images.unsplash.com/reserve/OQx70jjBSLOMI5ackhxm_urbex-ppc-030.jpg?ixlib=rb-1.2.1&q=80&cs=tinysrgb&fm=jpg&crop=entropy",
              "regular": "https://images.unsplash.com/reserve/OQx70jjBSLOMI5ackhxm_urbex-ppc-030.jpg?ixlib=rb-1.2.1&w=1080&fit=max&q=80&fm=jpg&crop=entropy&cs=tinysrgb",
              "small": "https://images.unsplash.com/reserve/OQx70jjBSLOMI5ackhxm_urbex-ppc-030.jpg?ixlib=rb-1.2.1&w=400&fit=max&q=80&fm=jpg&crop=entropy&cs=tinysrgb",
              "thumb": "https://images.unsplash.com/reserve/OQx70jjBSLOMI5ackhxm_urbex-ppc-030.jpg?ixlib=rb-1.2.1&w=200&fit=max&q=80&fm=jpg&crop=entropy&cs=tinysrgb",
              "small_s3": "https://s3.us-west-2.amazonaws.com/images.unsplash.com/small/reserve/OQx70jjBSLOMI5ackhxm_urbex-ppc-030.jpg"
            }
          },
          {
            "id": "DOMP4KhUYHA",
            "created_at": "2014-09-09T10:53:53-04:00",
            "updated_at": "2022-06-04T11:00:03-04:00",
            "blur_hash": "L#GT8Exuoft7yZM|WVofMxoct7j[",
            "urls": {
              "raw": "https://images.unsplash.com/reserve/wpYap0TYQ3mElk0kRbYn_LagunaHIke.jpg?ixlib=rb-1.2.1",
              "full": "https://images.unsplash.com/reserve/wpYap0TYQ3mElk0kRbYn_LagunaHIke.jpg?ixlib=rb-1.2.1&q=80&cs=tinysrgb&fm=jpg&crop=entropy",
              "regular": "https://images.unsplash.com/reserve/wpYap0TYQ3mElk0kRbYn_LagunaHIke.jpg?ixlib=rb-1.2.1&w=1080&fit=max&q=80&fm=jpg&crop=entropy&cs=tinysrgb",
              "small": "https://images.unsplash.com/reserve/wpYap0TYQ3mElk0kRbYn_LagunaHIke.jpg?ixlib=rb-1.2.1&w=400&fit=max&q=80&fm=jpg&crop=entropy&cs=tinysrgb",
              "thumb": "https://images.unsplash.com/reserve/wpYap0TYQ3mElk0kRbYn_LagunaHIke.jpg?ixlib=rb-1.2.1&w=200&fit=max&q=80&fm=jpg&crop=entropy&cs=tinysrgb",
              "small_s3": "https://s3.us-west-2.amazonaws.com/images.unsplash.com/small/reserve/wpYap0TYQ3mElk0kRbYn_LagunaHIke.jpg"
            }
          }
        ]
      },
      {
        "id": "658265",
        "title": "Repetitive Nature",
        "description": "repetition and patterns we see in nature",
        "published_at": "2017-06-20T20:58:29Z",
        "last_collected_at": "2022-03-22T16:56:41-04:00",
        "updated_at": "2022-03-22T17:04:20-04:00",
        "curated": false,
        "featured": true,
        "total_photos": 114,
        "private": false,
        "share_key": "7ea1efd8d4ff96ea2426592aa28d66f7",
        "tags": [
          {
            "type": "search",
            "title": "outdoor"
          },
          {
            "type": "search",
            "title": "plant"
          },
          {
            "type": "landing_page",
            "title": "green",
            "source": {
              "ancestry": {
                "type": {
                  "slug": "wallpapers",
                  "pretty_slug": "HD Wallpapers"
                },
                "category": {
                  "slug": "colors",
                  "pretty_slug": "Color"
                },
                "subcategory": {
                  "slug": "green",
                  "pretty_slug": "Green"
                }
              },
              "title": "Hd green wallpapers",
              "subtitle": "Download free green wallpapers",
              "description": "Choose from a curated selection of green wallpapers for your mobile and desktop screens. Always free on Unsplash.",
              "meta_title": "Green Wallpapers: Free HD Download [500+ HQ] | Unsplash",
              "meta_description": "Choose from hundreds of free green wallpapers. Download HD wallpapers for free on Unsplash.",
              "cover_photo": {
                "id": "OOE4xAnBhKo",
                "created_at": "2017-06-12T02:59:41-04:00",
                "updated_at": "2022-03-18T10:02:25-04:00",
                "promoted_at": "2017-06-12T06:38:54-04:00",
                "width": 3000,
                "height": 4498,
                "color": "#0c260c",
                "blur_hash": "L20n+6ZTUikUclbGkUeqVcknkna4",
                "description": "Infinite Ferns",
                "alt_description": "photo of green fern plant",
                "urls": {
                  "raw": "https://images.unsplash.com/photo-1497250681960-ef046c08a56e?ixlib=rb-1.2.1",
                  "full": "https://images.unsplash.com/photo-1497250681960-ef046c08a56e?ixlib=rb-1.2.1&q=85&fm=jpg&crop=entropy&cs=srgb",
                  "regular": "https://images.unsplash.com/photo-1497250681960-ef046c08a56e?ixlib=rb-1.2.1&q=80&fm=jpg&crop=entropy&cs=tinysrgb&w=1080&fit=max",
                  "small": "https://images.unsplash.com/photo-1497250681960-ef046c08a56e?ixlib=rb-1.2.1&q=80&fm=jpg&crop=entropy&cs=tinysrgb&w=400&fit=max",
                  "thumb": "https://images.unsplash.com/photo-1497250681960-ef046c08a56e?ixlib=rb-1.2.1&q=80&fm=jpg&crop=entropy&cs=tinysrgb&w=200&fit=max",
                  "small_s3": "https://s3.us-west-2.amazonaws.com/images.unsplash.com/small/photo-1497250681960-ef046c08a56e"
                },
                "links": {
                  "self": "https://api.unsplash.com/photos/OOE4xAnBhKo",
                  "html": "https://unsplash.com/photos/OOE4xAnBhKo",
                  "download": "https://unsplash.com/photos/OOE4xAnBhKo/download",
                  "download_location": "https://api.unsplash.com/photos/OOE4xAnBhKo/download"
                },
                "categories": [],
                "likes": 4684,
                "liked_by_user": false,
                "current_user_collections": [],
                "sponsorship": null,
                "topic_submissions": {
                  "nature": {
                    "status": "approved",
                    "approved_on": "2020-04-06T10:20:12-04:00"
                  },
                  "wallpapers": {
                    "status": "approved",
                    "approved_on": "2020-04-06T10:20:10-04:00"
                  }
                },
                "user": {
                  "id": "kPVbz0Q7VmM",
                  "updated_at": "2022-03-18T13:45:54-04:00",
                  "username": "xteemu",
                  "name": "Teemu Paananen",
                  "first_name": "Teemu",
                  "last_name": "Paananen",
                  "twitter_username": "spacekablooie",
                  "portfolio_url": "http://instagram.com/teemujp",
                  "bio": "Designer and photographer. Main camera Sony A7Rii.",
                  "location": "Stockholm, Sweden",
                  "links": {
                    "self": "https://api.unsplash.com/users/xteemu",
                    "html": "https://unsplash.com/@xteemu",
                    "photos": "https://api.unsplash.com/users/xteemu/photos",
                    "likes": "https://api.unsplash.com/users/xteemu/likes",
                    "portfolio": "https://api.unsplash.com/users/xteemu/portfolio",
                    "following": "https://api.unsplash.com/users/xteemu/following",
                    "followers": "https://api.unsplash.com/users/xteemu/followers"
                  },
                  "profile_image": {
                    "small": "https://images.unsplash.com/profile-1539627965411-de9ffec94df4?ixlib=rb-1.2.1&q=80&fm=jpg&crop=faces&cs=tinysrgb&fit=crop&h=32&w=32",
                    "medium": "https://images.unsplash.com/profile-1539627965411-de9ffec94df4?ixlib=rb-1.2.1&q=80&fm=jpg&crop=faces&cs=tinysrgb&fit=crop&h=64&w=64",
                    "large": "https://images.unsplash.com/profile-1539627965411-de9ffec94df4?ixlib=rb-1.2.1&q=80&fm=jpg&crop=faces&cs=tinysrgb&fit=crop&h=128&w=128"
                  },
                  "instagram_username": "teemujp",
                  "total_collections": 2,
                  "total_likes": 94,
                  "total_photos": 7,
                  "accepted_tos": true,
                  "for_hire": false,
                  "social": {
                    "instagram_username": "teemujp",
                    "portfolio_url": "http://instagram.com/teemujp",
                    "twitter_username": "spacekablooie",
                    "paypal_email": null
                  }
                }
              }
            }
          },
          {
            "type": "landing_page",
            "title": "grey",
            "source": {
              "ancestry": {
                "type": {
                  "slug": "wallpapers",
                  "pretty_slug": "HD Wallpapers"
                },
                "category": {
                  "slug": "colors",
                  "pretty_slug": "Color"
                },
                "subcategory": {
                  "slug": "grey",
                  "pretty_slug": "Grey"
                }
              },
              "title": "Hd grey wallpapers",
              "subtitle": "Download free grey wallpapers",
              "description": "Choose from a curated selection of grey wallpapers for your mobile and desktop screens. Always free on Unsplash.",
              "meta_title": "Grey Wallpapers: Free HD Download [500+ HQ] | Unsplash",
              "meta_description": "Choose from hundreds of free grey wallpapers. Download HD wallpapers for free on Unsplash.",
              "cover_photo": {
                "id": "ctXf1GVyf9A",
                "created_at": "2018-09-10T04:05:55-04:00",
                "updated_at": "2022-03-20T14:05:10-04:00",
                "promoted_at": null,
                "width": 5304,
                "height": 7952,
                "color": "#a6a6a6",
                "blur_hash": "L3IYFNIU00~q-;M{R*t80KtRIUM{",
                "description": "Old stone background texture",
                "alt_description": null,
                "urls": {
                  "raw": "https://images.unsplash.com/photo-1536566482680-fca31930a0bd?ixlib=rb-1.2.1",
                  "full": "https://images.unsplash.com/photo-1536566482680-fca31930a0bd?ixlib=rb-1.2.1&q=85&fm=jpg&crop=entropy&cs=srgb",
                  "regular": "https://images.unsplash.com/photo-1536566482680-fca31930a0bd?ixlib=rb-1.2.1&q=80&fm=jpg&crop=entropy&cs=tinysrgb&w=1080&fit=max",
                  "small": "https://images.unsplash.com/photo-1536566482680-fca31930a0bd?ixlib=rb-1.2.1&q=80&fm=jpg&crop=entropy&cs=tinysrgb&w=400&fit=max",
                  "thumb": "https://images.unsplash.com/photo-1536566482680-fca31930a0bd?ixlib=rb-1.2.1&q=80&fm=jpg&crop=entropy&cs=tinysrgb&w=200&fit=max",
                  "small_s3": "https://s3.us-west-2.amazonaws.com/images.unsplash.com/small/photo-1536566482680-fca31930a0bd"
                },
                "links": {
                  "self": "https://api.unsplash.com/photos/ctXf1GVyf9A",
                  "html": "https://unsplash.com/photos/ctXf1GVyf9A",
                  "download": "https://unsplash.com/photos/ctXf1GVyf9A/download",
                  "download_location": "https://api.unsplash.com/photos/ctXf1GVyf9A/download"
                },
                "categories": [],
                "likes": 1389,
                "liked_by_user": false,
                "current_user_collections": [],
                "sponsorship": null,
                "topic_submissions": {
                  "textures-patterns": {
                    "status": "approved",
                    "approved_on": "2020-04-06T10:20:11-04:00"
                  }
                },
                "user": {
                  "id": "IFcEhJqem0Q",
                  "updated_at": "2022-03-21T01:32:54-04:00",
                  "username": "anniespratt",
                  "name": "Annie Spratt",
                  "first_name": "Annie",
                  "last_name": "Spratt",
                  "twitter_username": "anniespratt",
                  "portfolio_url": "https://www.anniespratt.com",
                  "bio": "Hobbyist photographer from England, sharing my digital, film + vintage slide scans.  \r\nMore free photos & videos  👉🏻 anniespratt.com",
                  "location": "New Forest National Park, UK",
                  "links": {
                    "self": "https://api.unsplash.com/users/anniespratt",
                    "html": "https://unsplash.com/@anniespratt",
                    "photos": "https://api.unsplash.com/users/anniespratt/photos",
                    "likes": "https://api.unsplash.com/users/anniespratt/likes",
                    "portfolio": "https://api.unsplash.com/users/anniespratt/portfolio",
                    "following": "https://api.unsplash.com/users/anniespratt/following",
                    "followers": "https://api.unsplash.com/users/anniespratt/followers"
                  },
                  "profile_image": {
                    "small": "https://images.unsplash.com/profile-1628142977790-d9f66dcbc498image?ixlib=rb-1.2.1&q=80&fm=jpg&crop=faces&cs=tinysrgb&fit=crop&h=32&w=32",
                    "medium": "https://images.unsplash.com/profile-1628142977790-d9f66dcbc498image?ixlib=rb-1.2.1&q=80&fm=jpg&crop=faces&cs=tinysrgb&fit=crop&h=64&w=64",
                    "large": "https://images.unsplash.com/profile-1628142977790-d9f66dcbc498image?ixlib=rb-1.2.1&q=80&fm=jpg&crop=faces&cs=tinysrgb&fit=crop&h=128&w=128"
                  },
                  "instagram_username": "anniespratt",
                  "total_collections": 142,
                  "total_likes": 14268,
                  "total_photos": 15488,
                  "accepted_tos": true,
                  "for_hire": false,
                  "social": {
                    "instagram_username": "anniespratt",
                    "portfolio_url": "https://www.anniespratt.com",
                    "twitter_username": "anniespratt",
                    "paypal_email": null
                  }
                }
              }
            }
          },
          {
            "type": "landing_page",
            "title": "background",
            "source": {
              "ancestry": {
                "type": {
                  "slug": "backgrounds",
                  "pretty_slug": "Backgrounds"
                }
              },
              "title": "Hq background images",
              "subtitle": "Download free backgrounds",
              "description": "Browse our beautiful selection of free background images–all submitted by our community of talented contributors and completely free to download and use.",
              "meta_title": "Best 100+ Free Background Images [HD] | Download your next background photo on Unsplash",
              "meta_description": "Download the perfect background images. Find over 100+ of the best free background images. Free for commercial use ✓ No attribution required ✓ Copyright-free ✓",
              "cover_photo": {
                "id": "fMUIVein7Ng",
                "created_at": "2017-05-15T19:49:10-04:00",
                "updated_at": "2022-03-19T19:01:29-04:00",
                "promoted_at": "2017-05-16T05:06:41-04:00",
                "width": 3847,
                "height": 5583,
                "color": "#c0d9d9",
                "blur_hash": "LtJ@tjEyjFj[lov~Rja{-Cx]bbWC",
                "description": "After getting many photos for a project, I am also trying to get images to share with the Unsplash community. Here’s an attempt at abstracting a detail of the amazing architecture of CCPV.",
                "alt_description": "closeup photo of black and red building",
                "urls": {
                  "raw": "https://images.unsplash.com/photo-1494891848038-7bd202a2afeb?ixlib=rb-1.2.1",
                  "full": "https://images.unsplash.com/photo-1494891848038-7bd202a2afeb?ixlib=rb-1.2.1&q=85&fm=jpg&crop=entropy&cs=srgb",
                  "regular": "https://images.unsplash.com/photo-1494891848038-7bd202a2afeb?ixlib=rb-1.2.1&q=80&fm=jpg&crop=entropy&cs=tinysrgb&w=1080&fit=max",
                  "small": "https://images.unsplash.com/photo-1494891848038-7bd202a2afeb?ixlib=rb-1.2.1&q=80&fm=jpg&crop=entropy&cs=tinysrgb&w=400&fit=max",
                  "thumb": "https://images.unsplash.com/photo-1494891848038-7bd202a2afeb?ixlib=rb-1.2.1&q=80&fm=jpg&crop=entropy&cs=tinysrgb&w=200&fit=max",
                  "small_s3": "https://s3.us-west-2.amazonaws.com/images.unsplash.com/small/photo-1494891848038-7bd202a2afeb"
                },
                "links": {
                  "self": "https://api.unsplash.com/photos/fMUIVein7Ng",
                  "html": "https://unsplash.com/photos/fMUIVein7Ng",
                  "download": "https://unsplash.com/photos/fMUIVein7Ng/download",
                  "download_location": "https://api.unsplash.com/photos/fMUIVein7Ng/download"
                },
                "categories": [],
                "likes": 1740,
                "liked_by_user": false,
                "current_user_collections": [],
                "sponsorship": null,
                "topic_submissions": {
                  "architecture": {
                    "status": "approved",
                    "approved_on": "2020-04-06T10:20:14-04:00"
                  },
                  "wallpapers": {
                    "status": "approved",
                    "approved_on": "2020-04-06T10:20:09-04:00"
                  }
                },
                "user": {
                  "id": "hnq0aaqF_Qo",
                  "updated_at": "2022-03-20T14:17:19-04:00",
                  "username": "scottwebb",
                  "name": "Scott Webb",
                  "first_name": "Scott",
                  "last_name": "Webb",
                  "twitter_username": "scotty_webb",
                  "portfolio_url": "https://scottwebb.me/",
                  "bio": "If you like my work and you'd like to support me, you can consider a donation 👉  http://www.paypal.me/scottrwebb | Donation goal for a new lens: $351.01 of $449 | Thank you Jay D. 🙏",
                  "location": "London, Ontario, Canada",
                  "links": {
                    "self": "https://api.unsplash.com/users/scottwebb",
                    "html": "https://unsplash.com/@scottwebb",
                    "photos": "https://api.unsplash.com/users/scottwebb/photos",
                    "likes": "https://api.unsplash.com/users/scottwebb/likes",
                    "portfolio": "https://api.unsplash.com/users/scottwebb/portfolio",
                    "following": "https://api.unsplash.com/users/scottwebb/following",
                    "followers": "https://api.unsplash.com/users/scottwebb/followers"
                  },
                  "profile_image": {
                    "small": "https://images.unsplash.com/profile-1598557047185-d94f7fc56f69image?ixlib=rb-1.2.1&q=80&fm=jpg&crop=faces&cs=tinysrgb&fit=crop&h=32&w=32",
                    "medium": "https://images.unsplash.com/profile-1598557047185-d94f7fc56f69image?ixlib=rb-1.2.1&q=80&fm=jpg&crop=faces&cs=tinysrgb&fit=crop&h=64&w=64",
                    "large": "https://images.unsplash.com/profile-1598557047185-d94f7fc56f69image?ixlib=rb-1.2.1&q=80&fm=jpg&crop=faces&cs=tinysrgb&fit=crop&h=128&w=128"
                  },
                  "instagram_username": "scottwebb",
                  "total_collections": 46,
                  "total_likes": 3942,
                  "total_photos": 800,
                  "accepted_tos": true,
                  "for_hire": true,
                  "social": {
                    "instagram_username": "scottwebb",
                    "portfolio_url": "https://scottwebb.me/",
                    "twitter_username": "scotty_webb",
                    "paypal_email": null
                  }
                }
              }
            }
          },
          {
            "type": "search",
            "title": "flora"
          }
        ],
        "links": {
          "self": "https://api.unsplash.com/collections/658265",
          "html": "https://unsplash.com/collections/658265/repetitive-nature",
          "photos": "https://api.unsplash.com/collections/658265/photos",
          "related": "https://api.unsplash.com/collections/658265/related"
        },
        "user": {
          "id": "fbPZwdKgWWs",
          "updated_at": "2022-06-05T07:53:16-04:00",
          "username": "jeremybishop",
          "name": "Jeremy Bishop",
          "first_name": "Jeremy",
          "last_name": "Bishop",
          "twitter_username": null,
          "portfolio_url": "https://www.jeremybishopphotography.com",
          "bio": "I love supporting and inspiring creatives around the world.\r\nMy passion is the ocean and water photography, and I am striving to make an impact to save our Oceans and our Reefs!   https://www.paypal.com/paypalme/JeremyBishopPhoto ",
          "location": "California",
          "links": {
            "self": "https://api.unsplash.com/users/jeremybishop",
            "html": "https://unsplash.com/@jeremybishop",
            "photos": "https://api.unsplash.com/users/jeremybishop/photos",
            "likes": "https://api.unsplash.com/users/jeremybishop/likes",
            "portfolio": "https://api.unsplash.com/users/jeremybishop/portfolio",
            "following": "https://api.unsplash.com/users/jeremybishop/following",
            "followers": "https://api.unsplash.com/users/jeremybishop/followers"
          },
          "profile_image": {
            "small": "https://images.unsplash.com/profile-1610519305252-c9d552283aaaimage?ixlib=rb-1.2.1&crop=faces&fit=crop&w=32&h=32",
            "medium": "https://images.unsplash.com/profile-1610519305252-c9d552283aaaimage?ixlib=rb-1.2.1&crop=faces&fit=crop&w=64&h=64",
            "large": "https://images.unsplash.com/profile-1610519305252-c9d552283aaaimage?ixlib=rb-1.2.1&crop=faces&fit=crop&w=128&h=128"
          },
          "instagram_username": "bluumind",
          "total_collections": 19,
          "total_likes": 3606,
          "total_photos": 912,
          "accepted_tos": true,
          "for_hire": true,
          "social": {
            "instagram_username": "bluumind",
            "portfolio_url": "https://www.jeremybishopphotography.com",
            "twitter_username": null,
            "paypal_email": null
          }
        },
        "cover_photo": {
          "id": "Gv-bIY2M4xo",
          "created_at": "2019-06-04T05:00:05-04:00",
          "updated_at": "2022-06-05T04:06:30-04:00",
          "promoted_at": "2019-06-04T12:01:06-04:00",
          "width": 3648,
          "height": 5337,
          "color": "#262640",
          "blur_hash": "L2AAdnb{%g%20@$Kn%V?E8T1nNkC",
          "description": null,
          "alt_description": "aerial photography of buildings",
          "urls": {
            "raw": "https://images.unsplash.com/photo-1559638753-d8838a6ac071?ixlib=rb-1.2.1",
            "full": "https://images.unsplash.com/photo-1559638753-d8838a6ac071?ixlib=rb-1.2.1&q=80&cs=tinysrgb&fm=jpg&crop=entropy",
            "regular": "https://images.unsplash.com/photo-1559638753-d8838a6ac071?ixlib=rb-1.2.1&w=1080&fit=max&q=80&fm=jpg&crop=entropy&cs=tinysrgb",
            "small": "https://images.unsplash.com/photo-1559638753-d8838a6ac071?ixlib=rb-1.2.1&w=400&fit=max&q=80&fm=jpg&crop=entropy&cs=tinysrgb",
            "thumb": "https://images.unsplash.com/photo-1559638753-d8838a6ac071?ixlib=rb-1.2.1&w=200&fit=max&q=80&fm=jpg&crop=entropy&cs=tinysrgb",
            "small_s3": "https://s3.us-west-2.amazonaws.com/images.unsplash.com/small/photo-1559638753-d8838a6ac071"
          },
          "links": {
            "self": "https://api.unsplash.com/photos/Gv-bIY2M4xo",
            "html": "https://unsplash.com/photos/Gv-bIY2M4xo",
            "download": "https://unsplash.com/photos/Gv-bIY2M4xo/download",
            "download_location": "https://api.unsplash.com/photos/Gv-bIY2M4xo/download"
          },
          "categories": [],
          "likes": 914,
          "liked_by_user": false,
          "current_user_collections": [],
          "sponsorship": null,
          "topic_submissions": {
            "wallpapers": {
              "status": "approved",
              "approved_on": "2020-04-06T10:20:09-04:00"
            }
          },
          "user": {
            "id": "Teywg82qTS8",
            "updated_at": "2022-06-04T06:52:30-04:00",
            "username": "twktt",
            "name": "twk tt",
            "first_name": "twk",
            "last_name": "tt",
            "twitter_username": null,
            "portfolio_url": "https://www.instagram.com/twk.tt/",
            "bio": "ᴛᴛ x sᴏɴʏ x ᴅᴊɪ\r\n🇭🇰ʙᴀsᴇᴅ ʜᴏɴɢᴋᴏɴɢ 23\r\n📷sᴏɴʏ ᴀ7ʀɪɪɪ \r\n➰ᴀᴘᴘʟᴇ ɪᴘʜᴏɴᴇ xs\r\n➿Dᴊɪ ᴍᴀᴠɪᴄ 2 ᴘʀᴏ\r\nsᴘᴏʀᴛ | ᴛʀᴀᴠᴇʟɪɴɢ | ᴘʜᴏᴛᴏɢʀᴀᴘʜʏ\r\n📩 DM ғᴏʀ ᴄᴏʟʟᴀʙᴏʀᴀᴛɪᴏɴ\r\nhttps://www.instagram.com/twk.tt/\r\n",
            "location": "HONG KONG ",
            "links": {
              "self": "https://api.unsplash.com/users/twktt",
              "html": "https://unsplash.com/@twktt",
              "photos": "https://api.unsplash.com/users/twktt/photos",
              "likes": "https://api.unsplash.com/users/twktt/likes",
              "portfolio": "https://api.unsplash.com/users/twktt/portfolio",
              "following": "https://api.unsplash.com/users/twktt/following",
              "followers": "https://api.unsplash.com/users/twktt/followers"
            },
            "profile_image": {
              "small": "https://images.unsplash.com/profile-1559057087543-8018d5a96c7e?ixlib=rb-1.2.1&crop=faces&fit=crop&w=32&h=32",
              "medium": "https://images.unsplash.com/profile-1559057087543-8018d5a96c7e?ixlib=rb-1.2.1&crop=faces&fit=crop&w=64&h=64",
              "large": "https://images.unsplash.com/profile-1559057087543-8018d5a96c7e?ixlib=rb-1.2.1&crop=faces&fit=crop&w=128&h=128"
            },
            "instagram_username": "twk.tt",
            "total_collections": 0,
            "total_likes": 4,
            "total_photos": 30,
            "accepted_tos": true,
            "for_hire": false,
            "social": {
              "instagram_username": "twk.tt",
              "portfolio_url": "https://www.instagram.com/twk.tt/",
              "twitter_username": null,
              "paypal_email": null
            }
          }
        },
        "preview_photos": [
          {
            "id": "Gv-bIY2M4xo",
            "created_at": "2019-06-04T05:00:05-04:00",
            "updated_at": "2022-06-05T04:06:30-04:00",
            "blur_hash": "L2AAdnb{%g%20@$Kn%V?E8T1nNkC",
            "urls": {
              "raw": "https://images.unsplash.com/photo-1559638753-d8838a6ac071?ixlib=rb-1.2.1",
              "full": "https://images.unsplash.com/photo-1559638753-d8838a6ac071?ixlib=rb-1.2.1&q=80&cs=tinysrgb&fm=jpg&crop=entropy",
              "regular": "https://images.unsplash.com/photo-1559638753-d8838a6ac071?ixlib=rb-1.2.1&w=1080&fit=max&q=80&fm=jpg&crop=entropy&cs=tinysrgb",
              "small": "https://images.unsplash.com/photo-1559638753-d8838a6ac071?ixlib=rb-1.2.1&w=400&fit=max&q=80&fm=jpg&crop=entropy&cs=tinysrgb",
              "thumb": "https://images.unsplash.com/photo-1559638753-d8838a6ac071?ixlib=rb-1.2.1&w=200&fit=max&q=80&fm=jpg&crop=entropy&cs=tinysrgb",
              "small_s3": "https://s3.us-west-2.amazonaws.com/images.unsplash.com/small/photo-1559638753-d8838a6ac071"
            }
          },
          {
            "id": "Fu5BeUZ0eMc",
            "created_at": "2019-02-19T11:23:11-05:00",
            "updated_at": "2022-06-05T04:05:27-04:00",
            "blur_hash": "LTF%=I?wIANGD$kWxujYD$f,V@kB",
            "urls": {
              "raw": "https://images.unsplash.com/photo-1550593377-32700c017c1d?ixlib=rb-1.2.1",
              "full": "https://images.unsplash.com/photo-1550593377-32700c017c1d?ixlib=rb-1.2.1&q=80&cs=tinysrgb&fm=jpg&crop=entropy",
              "regular": "https://images.unsplash.com/photo-1550593377-32700c017c1d?ixlib=rb-1.2.1&w=1080&fit=max&q=80&fm=jpg&crop=entropy&cs=tinysrgb",
              "small": "https://images.unsplash.com/photo-1550593377-32700c017c1d?ixlib=rb-1.2.1&w=400&fit=max&q=80&fm=jpg&crop=entropy&cs=tinysrgb",
              "thumb": "https://images.unsplash.com/photo-1550593377-32700c017c1d?ixlib=rb-1.2.1&w=200&fit=max&q=80&fm=jpg&crop=entropy&cs=tinysrgb",
              "small_s3": "https://s3.us-west-2.amazonaws.com/images.unsplash.com/small/photo-1550593377-32700c017c1d"
            }
          },
          {
            "id": "bXLzzqGuUcU",
            "created_at": "2019-01-01T14:14:57-05:00",
            "updated_at": "2022-06-04T12:04:57-04:00",
            "blur_hash": "L87L1H~WROD$tSxaxuxao}t7xtfP",
            "urls": {
              "raw": "https://images.unsplash.com/photo-1546370080-e42239f15249?ixlib=rb-1.2.1",
              "full": "https://images.unsplash.com/photo-1546370080-e42239f15249?ixlib=rb-1.2.1&q=80&cs=tinysrgb&fm=jpg&crop=entropy",
              "regular": "https://images.unsplash.com/photo-1546370080-e42239f15249?ixlib=rb-1.2.1&w=1080&fit=max&q=80&fm=jpg&crop=entropy&cs=tinysrgb",
              "small": "https://images.unsplash.com/photo-1546370080-e42239f15249?ixlib=rb-1.2.1&w=400&fit=max&q=80&fm=jpg&crop=entropy&cs=tinysrgb",
              "thumb": "https://images.unsplash.com/photo-1546370080-e42239f15249?ixlib=rb-1.2.1&w=200&fit=max&q=80&fm=jpg&crop=entropy&cs=tinysrgb",
              "small_s3": "https://s3.us-west-2.amazonaws.com/images.unsplash.com/small/photo-1546370080-e42239f15249"
            }
          },
          {
            "id": "dBtEt-K7bZc",
            "created_at": "2019-01-01T15:02:30-05:00",
            "updated_at": "2022-06-05T01:04:53-04:00",
            "blur_hash": "L7EN9n%gIUD%R3x]4TIUrpV?D%WY",
            "urls": {
              "raw": "https://images.unsplash.com/photo-1546372934-52ab68952775?ixlib=rb-1.2.1",
              "full": "https://images.unsplash.com/photo-1546372934-52ab68952775?ixlib=rb-1.2.1&q=80&cs=tinysrgb&fm=jpg&crop=entropy",
              "regular": "https://images.unsplash.com/photo-1546372934-52ab68952775?ixlib=rb-1.2.1&w=1080&fit=max&q=80&fm=jpg&crop=entropy&cs=tinysrgb",
              "small": "https://images.unsplash.com/photo-1546372934-52ab68952775?ixlib=rb-1.2.1&w=400&fit=max&q=80&fm=jpg&crop=entropy&cs=tinysrgb",
              "thumb": "https://images.unsplash.com/photo-1546372934-52ab68952775?ixlib=rb-1.2.1&w=200&fit=max&q=80&fm=jpg&crop=entropy&cs=tinysrgb",
              "small_s3": "https://s3.us-west-2.amazonaws.com/images.unsplash.com/small/photo-1546372934-52ab68952775"
            }
          }
        ]
      }
    ]
  },
  "views": 164131,
  "downloads": 1017,
  "topics": []
}
